,,1,Canadian Para Bn,[13/18],,
,,1,Gordon,[13/18],,
,,1,HLI  ,[27-90],,
,,1,Manchester ,[27-90],,
,,1,Oxs & Bucks ,[27-90],,
,,1,S Lancs,[13/18],,
,,1,Suffolk,[13/18],,
,,1,Wors R ,[27-90],,
,,101,BSA,[27-90],,
,,101,Coy ,,,
,,102,Beach Sub Area,[27-90],,
,,96,Detailed Issue Depot,,,
,,96,Coy,,,
,,138,Detailed Issue Depot,,,
,,105,corps reception centre,[27-90],,
,,106,Bridge Coy RASC ,[27-90],,
,,11,Armd Div,[13/18],,
,,11,Lt Fd Amb,[27-90],,
,,12,Base ammunition depot (BAD),[27-90],,
,,12,corps ,[27-90],,
,,13/18,Hussars,[27-90],,
,,13th,Arborne ,[13/18],,
,,141,RAC,[27-90],,
,,147,RAC ,[27-90],,
,,148,RAC,[13/18],,
,,15,Div,[13/18],,
,,15,Fd Rgmt RA,[13/18],,
,,151,Bde ,[27-90],,
,,152,Bde,[13/18],,
,,152,FMC ,[27-90],,
,,152,FMC ,[27-90],,
,,152,Highland Bde,[13/18],,
,,153,bde,[27-90],,
,,153,FMC ,[27-90],,
,,153,RAC ,[27-90],,
,,154,Bde ,[13/18],,
,,154,FMC ,[27-90],,
,,155,FMC Gace ,[27-90],,
,,156,FMC Houlbec ,[27-90],,
,,158,Bde ,[27-90],,
,,160,Bde ,[27-90],,
,,176,Bde,[13/18],,
,,172,Coy,,,
,,633,Coy,,,
,,185,Infantry Bde,[27-90],,
,,2,Cdn Armd Bde,[27-90],,
,,2,Cdn Div ,[27-90],,
,,2,E Yorks ,[27-90],,
,,2,Lothians (July),[27-90],,
,,2,Monmouthshires ,[27-90],,
,,21,FDS,[27-90],,
,,214,Bde (43 Div) ,[27-90],,
,,214,Inf Bde & LAD ,[27-90],,
,,22,Dragoons,[27-90],,
,,21,Tpt Coln,,,
,,22,Tpt Coln,[27-90],,
,,231,Bde,[13/18],,
,,237,Depot,,,
,,238,Depot,,,
,,23,Coy.,,,
,,39,Coy.,,,
,,246,Fd Coy,[27-90],,
,,26,Assualt Sqm RE,[27-90],,
,,26,Assult Sqn ,[27-90],,
,,266,Fwd Dly Sqn,[27-90],,
,,,27 Armd Bde,[27-90],,
,,27,Armd Bde BOO,[27-90],,
,,27,Armd Bde Sigs Sqn,[27-90],,
,,27,Cdn Armd Rgmt,[27-90],,
,,282,Fd Coy ,[27-90],,
,,283,A Tk Bty ,[27-90],,
,,3,Br Inf Div,[27-90],,
,,3,Br Inf Div Provosts,[27-90],,
,,3,Cdn Div,[27-90],,
,,3,Div Arty near plumtot,[27-90],,
,,3,FDS ,[27-90],,
,,3,recce,[27-90],,
,,3,Sector Stores Dump (Petrol and Amn),[27-90],,
,,3/4,Countty of London Yeo,[27-90],,
,,33,Armd Bde ,[27-90],WO 171/640,Do I need this?
,,333,A Tk Bty ,[27-90],,
,,34,RHU ,[27-90],,
,,34,RHU Bayeux ,[27-90],,
,,340,SP A Tk Bty,[27-90],,
,,344,SL Bty ,[27-90],,
,,361,LAA Bty ,[27-90],,
,,3,Br Inf Div provosts,[27-90],,
,,4,Armd Bde  ,[27-90],WO 171/601,Do I need this?
,,4,Welsh ,[27-90],,
,,43,Div  ,[27-90],WO 171/479 WO 171/480,Do I need this?
,,43,Div RA A Tk ,[27-90],,
,,432,Coy ,[27-90],,
,,432,Coy RASC ,[27-90],,
,,47,Coy RASC (Inf Bde),[27-90],,
,,48,Coy RASC ,,,
,,5,Black Watch,[13/18],WO 171/1266,
,,5,Camerons,[13/18] WO 171/1270,,
,,5,DCLI ,[27-90],,
,,5,Seaforths,[13/18],,
,,506,Div Tps Coy RASC ,[27-90],,
,,51,Highland Div,[27-90],WO 171/527,Do I need this?
,,522,Coy ,[27-90],,
,,524,Coy RASC (50 Div) ,[27-90],,
,,53,Div ,[27-90],,
,,53,Div RA ,[27-90],,
,,53,Recce Regt ,[27-90],,
,,54,BSD ,[27-90],,
,,59,Div ,[27-90],,
,,6,Airborne Div,[27-90],,
,,6,Airborne Div RASC,[27-90],,
,,6,DLI ,[27-90],,
,,6,Green Howards ,[27-90],,
,,6,North Staffs Rgmt,[13/18],,
,,69,Bde ,[27-90],,
,,7,Armd Div,[13/18],,
,,7,Armd Div,[27-90],,
,,7,Green Howards ,[27-90],,
,,7,Norfolks,[13/18],,
,,7,Royal Norfolk Rgmt,[13/18],,
,,7,Royal Welsh Fusileirs  ,[27-90],,
,,7,RWF ,[27-90],,
,,7,Som LI ,[27-90],,
,,7,Para Bn,,,
,,7,South Staffs Rgmt,[13/18],,
,,71,Bde ,[27-90],,
,,77,Sqn ARE,[27-90],,
,,7th,Airborne,[13/18],,
,,8,Armd Bde,[27-90],,
,,8,Armd Div,[13/18],,
,,8,Br Inf Bde,[27-90],,
,,8,Corps,[27-90],,
,,8,DLI ,[27-90],,
,,8,Fd Amb,[27-90],,
,,8,MX ,[27-90] 88 Gen Hosp,[27-90],
,,9,Br Inf Bde,[27-90],,
,,9,DLI ,[27-90],,
,,90,"Coy RASC (rephoto August, appendix missing)",[27-90],,
,,,Beach Sector Stores,[27-90],,
,,,BRASCO 27 Armd Bde,[27-90],,
,,,Canadian Essex Scottish Bn ,[27-90],,
,,,CRA 3 Br Inf Div,[27-90],,
,,,CRASC 30 Corps Tps ,[27-90],,
,,,CRASC 46 Tpt Coln ,[27-90],,
,,,CRASC 50 Div ,[27-90],WO 171/522,
,,,CRASC 53 Div,[27-90],WO 171/566,
,,,BMA Moon,,,
,,,DDST,1 Corps,,
,,,ERY,[27-90],,
,,,KOSB,[27-90],,
,,,Q,[27-90],,
,,,Queen Beach Naval Command Post,[27-90],,
,,,RA units IVO Germain-Langst ,[27-90],,
,,,Royal Welsh Fusiliers ,[27-90],,
,,,,,,
,,,Royal Ulster Rifles,[27-90],,
,,,Second Army (2nd)  ,[27-90],,
,,,Staffs Yeo,[27-90],,
,,,West Dragoons ,[27-90],,
,,3,CLY,[ERY],,
,,33,Fd Rgmt,[ERY],,
,,2,Lancaster Fusiliers,[ERY],,
,,5,Lancaster Fusiliers,[ERY],,
,,1/7,Royal Warwickshire,[ERY],,
,,5,East Lancs Rgmt,[ERY],,
,,197,Bde (Infantry?) ,[ERY],,
,,106,Mobile Bath Unit ,[ERY],,
,,2,KSLI,[Staffs Yeo],,
,,259,Corps Del Sqn,[Staffs Yeo],,
,,7,Canadian Brigade,[Staffs Yeo],,
,,8,Canadian Brigade,[Staffs Yeo],,
,,9,Canadian Infantry Brigade,[Staffs Yeo],,
,,4,Special Service Bde,[Staffs Yeo],,
,,41,Royal Marines Commando,[Staffs Yeo],,
,,5,Airlanding Bde,[Staffs Yeo],,
,,3,Para Bde,[Staffs Yeo],,
,,6,Airlanding Bde,[Staffs Yeo],,
,,1,Special Service Bde,[Staffs Yeo],,
,,,Inns of Court Regiment,[Staffs Yeo],,
,,5,Assault Remt RE,[Staffs Yeo],,
,,3,British Infantry Div RE,[Staffs Yeo],,
,,4,Commando,[Staffs Yeo],,
,,,Westminster Dragoons (Flails),[Staffs Yeo],,
,,17,Bty 7 Fd Rgmt (RA),[Staffs Yeo],,
,,7,Fd Rgmt (RA),[Staffs Yeo],,
,,76/33,Fd Rgt Group (RA),[Staffs Yeo],,
,,2,Warwicks Group (Infantry),[Staffs Yeo],,
,,1,Norfolks Group (Infantry) ,[Staffs Yeo],,
,,253,Fd Coy,[Staffs Yeo],,
,,41,SP Tps (RA),[Staffs Yeo],,
,,45,A/TK Bty (RA),[Staffs Yeo],,
,,,RA 51 Inf Div,[Staffs Yeo],,
,,,RA Gds Armd Div,[Staffs Yeo],,
,,4,Cdn Fd Rgmt (RA),[Staffs Yeo],,
,,4,AGRA,[Staffs Yeo],,
,,60,Transit Camp Aramanches,[Staffs Yeo],,
,,1,Para Bde (low priority),[Staffs Yeo],,
,,13,Para Bn,,,